Workbook

Sheet İcmal
A1: TEKLİF İCMALİ — MAFREN
A3: Sekme | B3: Yapı | C3: Tutar (TL) — KDV hariç | D3: Pay
A4: 01 | B4: Kümes A Blok | C4: ='01 Kümes A Blok'!$G$48 | D4: =C4/$C$6
A5: 02 | B5: Kümes B Blok | C5: ='02 Kümes B Blok'!$G$48 | D5: =C5/$C$6
B6: ARA TOPLAM (KDV hariç) | C6: =SUM(C4:C5)
B7: KDV | C7: =C6*'Fiyatlar'!$F$3
B8: GENEL TOPLAM (KDV dâhil) | C8: =C6+C7

Sheet Fiyatlar
A1: TEKLİF BİRİM FİYATLARI
A2: Fiyat soldan sağa türer: kitap fiyatı -> %16 tenzilat -> tenzilatlı fiyat; teklif fiyatı TKDK birim fiyatının %85'ini aşamaz. Sarı hücreler değiştirilebilir; teklif fiyatındaki her değişiklik bütün yapı sekmelerine ve icmale aynı anda yansır. Fiyatlar KDV hariçtir.
A3: Tenzilat oranı | B3: 0.16 | C3: TKDK tavan oranı | D3: 0.85 | E3: KDV oranı | F3: 0.2
A5: Poz no | B5: Tanım | C5: Birim | D5: Kitap birim fiyatı (TL) | E5: Fiyatın kitabı | F5: Tenzilat | G5: Tenzilatlı fiyat (TL) | H5: TKDK tavanı %85 (TL) | I5: TEKLİF BİRİM FİYATI (TL) — DEĞİŞTİRİLEBİLİR
A6: 15.120.1001 | B6: Makine ile kazı yapılması — kümes A ve B blok | C6: m³ | D6: 62.35 | E6: ÇŞB 2026 birim fiyat kitabı | F6: =$B$3 | G6: =D6*(1-F6) | H6: =D6*$D$3 | I6: 52.37
A7: 15.150.1003 | B7: C 16/20 hazır beton dökülmesi — kümes temel altı grobeton | C7: m³ | D7: 3274.35 | E7: ÇŞB 2026 birim fiyat kitabı | F7: =$B$3 | G7: =D7*(1-F7) | H7: =D7*$D$3 | I7: 2750.45
A8: 15.150.1005 | B8: C 25/30 hazır beton dökülmesi — kümes şerit temel ve bağ kirişleri | C8: m³ | D8: 3524.35 | E8: ÇŞB 2026 birim fiyat kitabı | F8: =$B$3 | G8: =D8*(1-F8) | H8: =D8*$D$3 | I8: 2960.45
A9: 15.160.1002 | B9: Nervürlü çelik hasırın yerine konulması — kümes döşemeleri | C9: ton | D9: 43987.5 | E9: ÇŞB 2026 birim fiyat kitabı | F9: =$B$3 | G9: =D9*(1-F9) | H9: =D9*$D$3 | I9: 36949.5
A10: 15.160.1003 | B10: Ø8-Ø12 nervürlü beton çelik çubuğu — kümes temelleri | C10: ton | D10: 46482.43 | E10: ÇŞB 2026 birim fiyat kitabı | F10: =$B$3 | G10: =D10*(1-F10) | H10: =D10*$D$3 | I10: 39045.24
A11: 15.160.1004 | B11: Ø14-Ø28 nervürlü beton çelik çubuğu — kümes temelleri | C11: ton | D11: 44681.18 | E11: ÇŞB 2026 birim fiyat kitabı | F11: =$B$3 | G11: =D11*(1-F11) | H11: =D11*$D$3 | I11: 37532.19
A12: 15.165.1003 | B12: Her çeşit profil, çelik çubuk ve saclarla karkas (çerçeve) inşaat yapılması, yerine tespiti — kümes çelik taşıyıcı sistemi | C12: ton | D12: 85943.51 | E12: ÇŞB 2026 birim fiyat kitabı | F12: =$B$3 | G12: =D12*(1-F12) | H12: =D12*$D$3 | I12: 72192.55
A13: 15.180.1003 | B13: Plywood ile düz yüzeyli betonarme kalıbı — kümes temelleri | C13: m² | D13: 1028.33 | E13: ÇŞB 2026 birim fiyat kitabı | F13: =$B$3 | G13: =D13*(1-F13) | H13: =D13*$D$3 | I13: 863.8
A14: 15.225.1004 | B14: 10 cm kalınlığındaki teçhizatsız gazbeton duvar blokları ile bölme duvar yapılması — servis bölümü | C14: m² | D14: 723.73 | E14: ÇŞB 2026 birim fiyat kitabı | F14: =$B$3 | G14: =D14*(1-F14) | H14: =D14*$D$3 | I14: 607.93
A15: 15.225.1010 | B15: 20 cm kalınlığındaki teçhizatsız gazbeton duvar blokları ile duvar yapılması (gazbeton tutkalı ile) — cephe duvarı | C15: m² | D15: 1106.28 | E15: ÇŞB 2026 birim fiyat kitabı | F15: =$B$3 | G15: =D15*(1-F15) | H15: =D15*$D$3 | I15: 929.28
A16: 15.225.1410 | B16: 20 cm kalınlığındaki teçhizatlı gazbeton lento temini ve yerine konulması — boşluk üstü lento ve yatay hatıl | C16: m² | D16: 2116.1 | E16: ÇŞB 2026 birim fiyat kitabı | F16: =$B$3 | G16: =D16*(1-F16) | H16: =D16*$D$3 | I16: 1777.52
A17: 15.275.1116 | B17: 250 kg çimento dozlu harç ile kaba sıva yapılması — cephe duvarı dış yüzü | C17: m² | D17: 443.51 | E17: ÇŞB 2026 birim fiyat kitabı | F17: =$B$3 | G17: =D17*(1-F17) | H17: =D17*$D$3 | I17: 372.55
... A43: TKDK-0177 | B43: Duvar karosu ile 3 mm derz aralıklı döşeme ve duvar kaplaması yapılması — servis bölümü | C43: m² | D43: 835.1 | E43: TKDK 17.02.2026 Özel Poz Tablosu | F43: =$B$3 | G43: =D43*(1-F43) | H43: =D43*$D$3 | I43: 701.48

Sheet 01 Kümes A Blok
A1: YAPIM İŞLERİ TEKLİFİ — KÜMES A BLOK
A2: MAHMUT TARI MAFREN MÜHENDİSLİK DANIŞMANLIK HİZMETLERİ · MAHMUT TARI · Ticaret sicil no Gölcük/6196 · Mersis 4943840532200001 · Tel 0541 553 66 86 · mahmuttari@gmail.com · 26.08.2026 · geçerlilik 26.12.2027 · KDV hariç fiyatlar
A3: Birim fiyatlar Fiyatlar sekmesinden DÜŞEYARA ile çekilir; bu sekmede fiyat girilmez.
A5: Sıra | B5: Poz / anahtar | C5: İşin tanımı | D5: Birim | E5: Miktar | F5: Birim fiyat (TL) | G5: Tutar (TL)
A6: 1 | B6: 15.120.1001 | C6: Makine ile kazı yapılması — kümes A ve B blok | D6: m³ | E6: 1684.39 | F6: =IFERROR(VLOOKUP($B6,'Fiyatlar'!$A:$I,9,FALSE),0) | G6: =E6*F6
A7: 2 | B7: 15.150.1003 | C7: C 16/20 hazır beton dökülmesi — kümes temel altı grobeton | D7: m³ | E7: 31.4285 | F7: =IFERROR(VLOOKUP($B7,'Fiyatlar'!$A:$I,9,FALSE),0) | G7: =E7*F7
A8: 3 | B8: 15.150.1005 | C8: C 25/30 hazır beton dökülmesi — kümes şerit temel ve bağ kirişleri | D8: m³ | E8: 115.71 | F8: =IFERROR(VLOOKUP($B8,'Fiyatlar'!$A:$I,9,FALSE),0) | G8: =E8*F8
A9: 4 | B9: 15.150.1005 | C9: C 25/30 hazır beton dökülmesi — kümes zemin döşemeleri (15 cm) | D9: m³ | E9: 162.63 | F9: =IFERROR(VLOOKUP($B9,'Fiyatlar'!$A:$I,9,FALSE),0) | G9: =E9*F9
A10: 5 | B10: 15.180.1003 | C10: Plywood ile düz yüzeyli betonarme kalıbı — kümes temelleri | D10: m² | E10: 551.26 | F10: =IFERROR(VLOOKUP($B10,'Fiyatlar'!$A:$I,9,FALSE),0) | G10: =E10*F10
A11: 6 | B11: 15.160.1003 | C11: Ø8-Ø12 nervürlü beton çelik çubuğu — kümes temelleri | D11: ton | E11: 4.1599 | F11: =IFERROR(VLOOKUP($B11,'Fiyatlar'!$A:$I,9,FALSE),0) | G11: =E11*F11
A12: 7 | B12: 15.160.1004 | C12: Ø14-Ø28 nervürlü beton çelik çubuğu — kümes temelleri | D12: ton | E12: 7.2875 | F12: =IFERROR(VLOOKUP($B12,'Fiyatlar'!$A:$I,9,FALSE),0) | G12: =E12*F12
A13: 8 | B13: 15.160.1002 | C13: Nervürlü çelik hasırın yerine konulması — kümes döşemeleri | D13: ton | E13: 3.6375 | F13: =IFERROR(VLOOKUP($B13,'Fiyatlar'!$A:$I,9,FALSE),0) | G13: =E13*F13
A14: 9 | B14: 15.165.1003 | C14: Her çeşit profil, çelik çubuk ve saclarla karkas (çerçeve) inşaat yapılması, yerine tespiti — kümes çelik taşıyıcı sistemi | D14: ton | E14: 44.0481 | F14: =IFERROR(VLOOKUP($B14,'Fiyatlar'!$A:$I,9,FALSE),0) | G14: =E14*F14
A15: 10 | B15: 15.225.1010 | C15: 20 cm kalınlığındaki teçhizatsız gazbeton duvar blokları ile duvar yapılması (gazbeton tutkalı ile) — cephe duvarı | D15: m² | E15: 507.91 | F15: =IFERROR(VLOOKUP($B15,'Fiyatlar'!$A:$I,9,FALSE),0) | G15: =E15*F15
A16: 11 | B16: 15.225.1410 | C16: 20 cm kalınlığındaki teçhizatlı gazbeton lento temini ve yerine konulması — boşluk üstü lento ve yatay hatıl | D16: m² | E16: 49.85 | F16: =IFERROR(VLOOKUP($B16,'Fiyatlar'!$A:$I,9,FALSE),0) | G16: =E16*F16
A17: 12 | B17: 15.275.1116 | C17: 250 kg çimento dozlu harç ile kaba sıva yapılması — cephe duvarı dış yüzü | D17: m² | E17: 557.76 | F17: =IFERROR(VLOOKUP($B17,'Fiyatlar'!$A:$I,9,FALSE),0) | G17: =E17*F17
... A47: 42 | B47: 30.740.5406 | C47: Jeneratör ses izolasyon kabini — 63 kVA | D47: ad | E47: 1 | F47: =IFERROR(VLOOKUP($B47,'Fiyatlar'!$A:$I,9,FALSE),0) | G47: =E47*F47
C48: ARA TOPLAM (KDV hariç) | G48: =SUM(G6:G47)
C49: KDV | G49: =G48*'Fiyatlar'!$F$3
C50: TEKLİF BEDELİ (KDV dâhil) | G50: =G48+G49

Sheet 02 Kümes B Blok
A1: YAPIM İŞLERİ TEKLİFİ — KÜMES B BLOK
A2: MAHMUT TARI MAFREN MÜHENDİSLİK DANIŞMANLIK HİZMETLERİ · MAHMUT TARI · Ticaret sicil no Gölcük/6196 · Mersis 4943840532200001 · Tel 0541 553 66 86 · mahmuttari@gmail.com · 26.08.2026 · geçerlilik 26.12.2027 · KDV hariç fiyatlar
A3: Birim fiyatlar Fiyatlar sekmesinden DÜŞEYARA ile çekilir; bu sekmede fiyat girilmez.
A5: Sıra | B5: Poz / anahtar | C5: İşin tanımı | D5: Birim | E5: Miktar | F5: Birim fiyat (TL) | G5: Tutar (TL)
A6: 1 | B6: 15.120.1001 | C6: Makine ile kazı yapılması — kümes A ve B blok | D6: m³ | E6: 1684.38 | F6: =IFERROR(VLOOKUP($B6,'Fiyatlar'!$A:$I,9,FALSE),0) | G6: =E6*F6
A7: 2 | B7: 15.150.1003 | C7: C 16/20 hazır beton dökülmesi — kümes temel altı grobeton | D7: m³ | E7: 31.4285 | F7: =IFERROR(VLOOKUP($B7,'Fiyatlar'!$A:$I,9,FALSE),0) | G7: =E7*F7
A8: 3 | B8: 15.150.1005 | C8: C 25/30 hazır beton dökülmesi — kümes şerit temel ve bağ kirişleri | D8: m³ | E8: 115.71 | F8: =IFERROR(VLOOKUP($B8,'Fiyatlar'!$A:$I,9,FALSE),0) | G8: =E8*F8
A9: 4 | B9: 15.150.1005 | C9: C 25/30 hazır beton dökülmesi — kümes zemin döşemeleri (15 cm) | D9: m³ | E9: 162.63 | F9: =IFERROR(VLOOKUP($B9,'Fiyatlar'!$A:$I,9,FALSE),0) | G9: =E9*F9
A10: 5 | B10: 15.180.1003 | C10: Plywood ile düz yüzeyli betonarme kalıbı — kümes temelleri | D10: m² | E10: 551.26 | F10: =IFERROR(VLOOKUP($B10,'Fiyatlar'!$A:$I,9,FALSE),0) | G10: =E10*F10
A11: 6 | B11: 15.160.1003 | C11: Ø8-Ø12 nervürlü beton çelik çubuğu — kümes temelleri | D11: ton | E11: 4.1599 | F11: =IFERROR(VLOOKUP($B11,'Fiyatlar'!$A:$I,9,FALSE),0) | G11: =E11*F11
A12: 7 | B12: 15.160.1004 | C12: Ø14-Ø28 nervürlü beton çelik çubuğu — kümes temelleri | D12: ton | E12: 7.2875 | F12: =IFERROR(VLOOKUP($B12,'Fiyatlar'!$A:$I,9,FALSE),0) | G12: =E12*F12
A13: 8 | B13: 15.160.1002 | C13: Nervürlü çelik hasırın yerine konulması — kümes döşemeleri | D13: ton | E13: 3.6375 | F13: =IFERROR(VLOOKUP($B13,'Fiyatlar'!$A:$I,9,FALSE),0) | G13: =E13*F13
A14: 9 | B14: 15.165.1003 | C14: Her çeşit profil, çelik çubuk ve saclarla karkas (çerçeve) inşaat yapılması, yerine tespiti — kümes çelik taşıyıcı sistemi | D14: ton | E14: 44.0481 | F14: =IFERROR(VLOOKUP($B14,'Fiyatlar'!$A:$I,9,FALSE),0) | G14: =E14*F14
A15: 10 | B15: 15.225.1010 | C15: 20 cm kalınlığındaki teçhizatsız gazbeton duvar blokları ile duvar yapılması (gazbeton tutkalı ile) — cephe duvarı | D15: m² | E15: 507.91 | F15: =IFERROR(VLOOKUP($B15,'Fiyatlar'!$A:$I,9,FALSE),0) | G15: =E15*F15
A16: 11 | B16: 15.225.1410 | C16: 20 cm kalınlığındaki teçhizatlı gazbeton lento temini ve yerine konulması — boşluk üstü lento ve yatay hatıl | D16: m² | E16: 49.85 | F16: =IFERROR(VLOOKUP($B16,'Fiyatlar'!$A:$I,9,FALSE),0) | G16: =E16*F16
A17: 12 | B17: 15.275.1116 | C17: 250 kg çimento dozlu harç ile kaba sıva yapılması — cephe duvarı dış yüzü | D17: m² | E17: 557.76 | F17: =IFERROR(VLOOKUP($B17,'Fiyatlar'!$A:$I,9,FALSE),0) | G17: =E17*F17
... A47: 42 | B47: 30.740.5406 | C47: Jeneratör ses izolasyon kabini — 63 kVA | D47: ad | E47: 1 | F47: =IFERROR(VLOOKUP($B47,'Fiyatlar'!$A:$I,9,FALSE),0) | G47: =E47*F47
C48: ARA TOPLAM (KDV hariç) | G48: =SUM(G6:G47)
C49: KDV | G49: =G48*'Fiyatlar'!$F$3
C50: TEKLİF BEDELİ (KDV dâhil) | G50: =G48+G49
