Workbook

Sheet A3.5 İcmal
A1: A3.5 — HARCAMA İCMALİ
A2: Tutarlar A3.1.1 ve A3.1.2 sayfalarındaki toplamlardan formülle gelir; o sayfalarda bir fiyat değişirse bu icmal de değişir.
A4: Harcama alanı | B4: Tutar (TL) | C4: Avro | D4: Not
A5: A3.1.1 Yapım işleri | B5: ='A3.1.1 Yapım İşleri'!H91 | C5: =B5/52.7585 | D5: Kümes A ve B blokları; her münferit yapı için ayrı teklif alınmıştır
A6: A3.1.2 Makine ve ekipman alımı | B6: ='A3.1.2 Makine-Ekipman'!G13 | C6: =B6/52.7585 | D6: Hibe kapsamı dışında tutulmuştur; tablo boştur
A7: A3.2 Hizmet alımı | B7: ='A3.2 Hizmet Alımı'!F13 | C7: =B7/52.7585 | D7: İş planı, mimarlık-mühendislik projeleri, fizibilite
A8: A3.3 Görünürlük harcamaları | B8: ='A3.3 Görünürlük'!F13 | C8: =B8/52.7585 | D8: Yatırım tanıtım tabelası
A9: UYGUN HARCAMA (A3.1.1 + A3.1.2 + A3.2 + A3.3) | B9: =SUM(B5:B8) | C9: =B9/52.7585 | D9: Hibeye esas tutar; puanlama kriteri 1 bu tutara bakar
A10: Uygun harcama üst limiti (375.000,00 Avro) | B10: 19784438 | C10: =B10/52.7585 | D10: Çağrı rehberi — uygun harcama limitin altındadır
A11: Puanlama kriteri 1 eşiği (300.000 Avro) | B11: 15827550 | C11: =B11/52.7585 | D11: Uygun harcama bu eşiğin altında olduğundan 5 puan gelir
A12: Hibe dışı yapım işleri (A3.4-EK Yapım) | B12: ='A3.4-EK Yapım'!H56 | C12: =B12/52.7585 | D12: Diğer 7 yapı ve iki bloktan çıkarılan pozlar — proforma ile beyan
A13: Hibe dışı makine-ekipman (A3.4-EK Makine-Ekipman) | B13: ='A3.4-EK Makine-Ekipman'!G13 | C13: =B13/52.7585 | D13: Proforma ile beyan
A14: Hibe dışı kümes ısıtma sistemi | B14: 710000 | C14: =B14/52.7585 | D14: Ayrı lot; proforma ile beyan
A15: UYGUN OLMAYAN HARCAMA (öz kaynak) | B15: =B12+B13+B14 | C15: =B15/52.7585 | D15: Tamamı öz kaynaktan karşılanır
A16: TOPLAM YATIRIM (KDV hariç) | B16: =B9+B15 | C16: =B16/52.7585 | D16: Uygun harcama + uygun olmayan harcama

Sheet A3.1.1 Yapım İşleri
A1: A3.1.1 — YAPIM İŞLERİ UYGUN HARCAMALARI
A2: Kalemler keşif özetleri ve yapım işleri teklifiyle birebir aynıdır. Hibe kapsamına yalnızca Kümes A ve B blokları girer; her yapı ayrı bölümdür.
A4: EK-1 uygun harcama kalemi | B4: Yapı | C4: Poz No | D4: İşin adı | E4: Birim | F4: Miktar | G4: Birim fiyat (TL) | H4: Tutar (TL)
A5: Kazı, dolgu ve reglaj işleri | B5: Kümes A Blok | C5: 15.120.1001 | D5: Makine ile yumuşak ve sert toprak kazılması | E5: m³ | F5: 1684.385 | G5: 52.37 | H5: =ROUND(F5*G5,2)
A6: Beton işleri | B6: Kümes A Blok | C6: 15.150.1003 | D6: Beton santralinde üretilen veya satın alınan ve beton pompasıyla basılan, C 16/20 basınç dayanım sınıfında, gri renkte, normal hazır beton dökülmesi (beton nakli dahil) | E6: m³ | F6: 31.429 | G6: 2750.45 | H6: =ROUND(F6*G6,2)
A7: Betonarme işleri | B7: Kümes A Blok | C7: 15.150.1005 | D7: Beton santralinde üretilen veya satın alınan ve beton pompasıyla basılan, C 25/30 basınç dayanım sınıfında, gri renkte, normal hazır beton dökülmesi (beton nakli dahil) | E7: m³ | F7: 278.34 | G7: 2960.45 | H7: =ROUND(F7*G7,2)
A8: Kalıp, yapı iskelesi işleri | B8: Kümes A Blok | C8: 15.180.1003 | D8: Plywood ile düz yüzeyli betonarme kalıbı yapılması | E8: m² | F8: 551.26 | G8: 863.8 | H8: =ROUND(F8*G8,2)
A9: Demir-inşaat işleri | B9: Kümes A Blok | C9: 15.160.1003 | D9: Ø 8 - Ø 12 mm nervürlü beton çelik çubuğu, çubukların kesilmesi, bükülmesi ve yerine konulması | E9: ton | F9: 4.16 | G9: 39045.24 | H9: =ROUND(F9*G9,2)
A10: Demir-inşaat işleri | B10: Kümes A Blok | C10: 15.160.1004 | D10: Ø 14 - Ø 28 mm nervürlü beton çelik çubuğu, çubukların kesilmesi, bükülmesi ve yerine konulması | E10: ton | F10: 7.288 | G10: 37532.19 | H10: =ROUND(F10*G10,2)
A11: Demir-inşaat işleri | B11: Kümes A Blok | C11: 15.160.1002 | D11: Nervürlü çelik hasırın yerine konulması | E11: ton | F11: 3.637 | G11: 36949.5 | H11: =ROUND(F11*G11,2)
A12: Çelik yapım-imalat işleri | B12: Kümes A Blok | C12: 15.165.1003 | D12: Her çeşit profil, çelik çubuk ve çelik saclarla karkas (çerçeve) inşaat yapılması, yerine tespiti (boya bedeli hariç) | E12: ton | F12: 44.048 | G12: 72192.55 | H12: =ROUND(F12*G12,2)
A13: Çelik yapım-imalat işleri | B13: Kümes A Blok | C13: 15.550.1202 | D13: Lama ve profil demirlerden çeşitli demir işleri yapılması ve yerine konulması | E13: kg | F13: 674 | G13: 147.67 | H13: =ROUND(F13*G13,2)
A14: Tuğla ve duvar işleri | B14: Kümes A Blok | C14: 15.225.1010 | D14: 20 cm kalınlığındaki teçhizatsız gazbeton duvar blokları ile duvar yapılması (gazbeton tutkalı ile) | E14: m² | F14: 507.91 | G14: 929.28 | H14: =ROUND(F14*G14,2)
A15: Tuğla ve duvar işleri | B15: Kümes A Blok | C15: 15.225.1410 | D15: 20 cm kalınlığındaki teçhizatlı gazbeton lento temini ve yerine konulması | E15: m² | F15: 49.85 | G15: 1777.52 | H15: =ROUND(F15*G15,2)
A16: Tuğla ve duvar işleri | B16: Kümes A Blok | C16: 15.225.1004 | D16: 10 cm kalınlığındaki teçhizatsız gazbeton duvar blokları ile duvar yapılması (gazbeton tutkalı ile) | E16: m² | F16: 45 | G16: 607.93 | H16: =ROUND(F16*G16,2)
... A90: Elektrik tesisatı ve aydınlatma | B90: Kümes B Blok | C90: 30.190.1304 | D90: Sıva üstü PVC kablo kanalı — en az 100 x 35 mm, üç bölmeli (%25 müteahhit kârı dahil) | E90: m | F90: 123 | G90: 233.28 | H90: =ROUND(F90*G90,2)
D91: A3.1.1 YAPIM İŞLERİ TOPLAMI (KDV hariç) | H91: =SUM(H5:H90)

Sheet A3.1.2 Makine-Ekipman
A1: A3.1.2 — MAKİNE VE EKİPMAN UYGUN HARCAMALARI
A2: Bu yatırımda makine-ekipman alımı hibe kapsamı dışında tutulmuştur; kalemler A3.4-EK sayfasında proforma esaslı beyan edilir. Bu tablo boş sunulur.
A4: EK-1 uygun harcama kalemi | B4: No | C4: Ürün adı | D4: Birim | E4: Miktar | F4: Birim fiyat (TL) | G4: Tutar (TL)
C13: A3.1.2 MAKİNE-EKİPMAN TOPLAMI (KDV hariç) | G13: =SUM(G5:G12)

Sheet A3.4-EK Makine-Ekipman
A1: A3.4-EK — MAKİNE VE EKİPMAN (UYGUN OLMAYAN HARCAMA)
A2: Miktarlar kümes mekanik projesinden; birim fiyatlar piyasa araştırmasına dayanan tahmindir — proforma 37 numaralı istek listesiyle alındığında yerine yazılır. Hibe kapsamı dışında olduğundan teklif alma usulüne tabi değildir, proforma fatura ile beyan edilir; iki kümes bloğu için.
A4: EK-1 uygun harcama kalemi | B4: No | C4: Ürün kodu | D4: Makine-ekipmanın adı ve teknik özeti | E4: Set | F4: Bina başına (TL) | G4: Tutar (TL)
A5: Makine ve ekipman alımı | B5: 1 | C5: HZC-FD-01 | D5: Yemleme sistemi — 3 hat, 243 m hat uzunluğu, 150 kg galvanizli yem deposu x 3, 0,55 kW yemlik motoru x 3, 35 cm çapında 324 plastik yemlik, 1,1 kW çift redüktörlü frenli otomatik kaldırma | E5: 2 | F5: 250062.04 | G5: =ROUND(E5*F5,2)
A6: Makine ve ekipman alımı | B6: 2 | C6: HZC-COM-004 | D6: Kümes kontrol panosu — HZC-70 işlemcili; 5 sıcaklık, 1 nem, 1 basınç ve 1 CO2 sensörü, alarm sistemi, uzaktan erişim, PLC kontrol, raporlama ve analiz | E6: 2 | F6: 262674.92 | G6: =ROUND(E6*F6,2)
A7: Makine ve ekipman alımı | B7: 3 | C7: HZC-WNT-012 | D7: Tünel havalandırma fanı — 4 adet, 138 x 138 x 42 cm, 40.000 m³/h, 1,5 kW, galvanizli çelik kanat, ahtapot sistemli otomatik panjur | E7: 2 | F7: 76982.48 | G7: =ROUND(E7*F7,2)
A8: Makine ve ekipman alımı | B8: 4 | C8: HZC-WTR-005 | D8: Sulama sistemi — 4 hat, hat başına 312 m, 22 x 22 mm hat çapı, 1.560 metal 360° nipel suluk, 4 regülatör, 0,75 kW çift redüktörlü frenli otomatik kaldırma | E8: 2 | F8: 145353.3 | G8: =ROUND(E8*F8,2)
A9: Makine ve ekipman alımı | B9: 5 | C9: HZC-WNT-024 | D9: Soğutma pedi sistemi — Tüplü, dahili devridaimli; 15 cm kalınlık, 150 cm yükseklik, 2 x 15 m uzunluk (45 m² ped alanı), PVC çerçeve, XPS petek kapakları, 2 aktüatör, 2 adet 0,50 kW su pompası | E9: 2 | F9: 269272.63 | G9: =ROUND(E9*F9,2)
A10: Makine ve ekipman alımı | B10: 6 | C10: HZC-WNT-001 | D10: Klape sistemi — 30 adet 26 x 56 cm izolasyonlu plastik klape, klape başına 1.750 m³/h (30 x 1.750 = 52.500 m³/h, mekanik projedeki 46.717 m³/h ihtiyacının üzerinde), 2 aktüatörlü açma-kapama, 161 m hat | E10: 2 | F10: 40581.31 | G10: =ROUND(E10*F10,2)
A11: Makine ve ekipman alımı | B11: 7 | C11: HZC-SLO-004 | D11: Yem silosu ve nakil sistemi — En az 17,77 ton galvaniz kaplama sac silo, helezonlu merdiven, 0,75 kW yem nakil motoru, 22 m PVC nakil hattı | E11: 2 | F11: 172996.93 | G11: =ROUND(E11*F11,2)
A12: Makine ve ekipman alımı | B12: 9 | C12: — | D12: Montaj ve nakliye — Kümes montajı ve nakliye bedelleri | E12: 2 | F12: 225000 | G12: =ROUND(E12*F12,2)
C13: MAKİNE-EKİPMAN TOPLAMI (KDV hariç) | G13: =SUM(G5:G12)

Sheet A3.4-EK Yapım
A1: A3.4-EK — HİBE DIŞI YAPIM İŞLERİ (UYGUN OLMAYAN HARCAMA)
A2: Kümes A ve B blokları dışındaki yapılar ile bu iki bloktan hibe kapsamı dışına çıkarılan pozlar. Bu imalatlar yapılmaya devam eder; teklif alma usulüne tabi değildir, proforma fatura ile beyan edilir ve tamamı öz kaynaktan karşılanır. Birim fiyatlar, hibe kapsamındaki işlerle aynı esasa göre kurulmuştur: ÇŞB 2026 ve TKDK 17.02.2026 kitap fiyatlarına %16 tenzilat uygulanmıştır.
A4: EK-1 kalemi | B4: Yapı | C4: Poz No | D4: İşin adı | E4: Birim | F4: Miktar | G4: Birim fiyat (TL) | H4: Tutar (TL)
A5: Kazı, dolgu ve reglaj işleri | B5: Çevre Düzenlemesi ve Saha Altyapısı | C5: 15.120.1001 | D5: Makine ile yumuşak ve sert toprak kazılması | E5: m³ | F5: 260.943 | G5: 52.37 | H5: =ROUND(F5*G5,2)
A6: Kazı, dolgu ve reglaj işleri | B6: Gübre Çukuru | C6: 15.120.1101 | D6: Makine ile her derinlik ve her genişlikte yumuşak ve sert toprak kazılması | E6: m³ | F6: 542.7 | G6: 60.35 | H6: =ROUND(F6*G6,2)
A7: Kazı, dolgu ve reglaj işleri | B7: Ölü Atma Çukuru | C7: 15.120.1101 | D7: Makine ile her derinlik ve her genişlikte yumuşak ve sert toprak kazılması | E7: m³ | F7: 142 | G7: 60.35 | H7: =ROUND(F7*G7,2)
A8: Kazı, dolgu ve reglaj işleri | B8: Foseptik | C8: 15.120.1101 | D8: Makine ile her derinlik ve her genişlikte yumuşak ve sert toprak kazılması | E8: m³ | F8: 48.8 | G8: 60.35 | H8: =ROUND(F8*G8,2)
A9: Kazı, dolgu ve reglaj işleri | B9: Yem Silosu Betonarme Kaideleri | C9: 15.120.1101 | D9: Makine ile her derinlik ve her genişlikte yumuşak ve sert toprak kazılması | E9: m³ | F9: 48.02 | G9: 60.35 | H9: =ROUND(F9*G9,2)
A10: Kazı, dolgu ve reglaj işleri | B10: Su Deposu | C10: 15.120.1101 | D10: Makine ile her derinlik ve her genişlikte yumuşak ve sert toprak kazılması | E10: m³ | F10: 106.5 | G10: 60.35 | H10: =ROUND(F10*G10,2)
A11: Kazı, dolgu ve reglaj işleri | B11: Yağmur Suyu Deposu | C11: 15.120.1101 | D11: Makine ile her derinlik ve her genişlikte yumuşak ve sert toprak kazılması | E11: m³ | F11: 88.75 | G11: 60.35 | H11: =ROUND(F11*G11,2)
A12: Beton işleri | B12: Gübre Çukuru | C12: 15.150.1003 | D12: Beton santralinde üretilen veya satın alınan ve beton pompasıyla basılan, C 16/20 basınç dayanım sınıfında, gri renkte, normal hazır beton dökülmesi (beton nakli dahil) | E12: m³ | F12: 11.934 | G12: 2750.45 | H12: =ROUND(F12*G12,2)
A13: Beton işleri | B13: Ölü Atma Çukuru | C13: 15.150.1003 | D13: Beton santralinde üretilen veya satın alınan ve beton pompasıyla basılan, C 16/20 basınç dayanım sınıfında, gri renkte, normal hazır beton dökülmesi (beton nakli dahil) | E13: m³ | F13: 1.984 | G13: 2750.45 | H13: =ROUND(F13*G13,2)
A14: Beton işleri | B14: Foseptik | C14: 15.150.1003 | D14: Beton santralinde üretilen veya satın alınan ve beton pompasıyla basılan, C 16/20 basınç dayanım sınıfında, gri renkte, normal hazır beton dökülmesi (beton nakli dahil) | E14: m³ | F14: 0.484 | G14: 2750.45 | H14: =ROUND(F14*G14,2)
A15: Beton işleri | B15: Yem Silosu Betonarme Kaideleri | C15: 15.150.1003 | D15: Beton santralinde üretilen veya satın alınan ve beton pompasıyla basılan, C 16/20 basınç dayanım sınıfında, gri renkte, normal hazır beton dökülmesi (beton nakli dahil) | E15: m³ | F15: 1.922 | G15: 2750.45 | H15: =ROUND(F15*G15,2)
A16: Beton işleri | B16: Su Deposu | C16: 15.150.1003 | D16: Beton santralinde üretilen veya satın alınan ve beton pompasıyla basılan, C 16/20 basınç dayanım sınıfında, gri renkte, normal hazır beton dökülmesi (beton nakli dahil) | E16: m³ | F16: 1.344 | G16: 2750.45 | H16: =ROUND(F16*G16,2)
... A55: Elektrik tesisatı ve aydınlatma | B55: Kümes B Blok | C55: 30.120.2016 | D55: Otomatik transfer şalteri 4 x 200 A (%25 müteahhit kârı dahil) | E55: ad | F55: 1 | G55: 38544.21 | H55: =ROUND(F55*G55,2)
D56: HİBE DIŞI YAPIM İŞLERİ TOPLAMI (KDV hariç) | H56: =SUM(H5:H55)

Sheet A3.2 Hizmet Alımı
A1: A3.2 — HİZMET ALIMI UYGUN HARCAMALARI
A2: İş planı hazırlığı, mimarlık ve mühendislik projeleri, fizibilite çalışması. Seçilen teklif kesinleştiğinde doldurulacaktır.
A4: EK-1 uygun harcama kalemi | B4: Harcamanın adı | C4: Birim | D4: Miktar | E4: Birim fiyat (TL) | F4: Tutar (TL)
B13: TOPLAM (KDV hariç) | F13: =SUM(F5:F12)

Sheet A3.3 Görünürlük
A1: A3.3 — GÖRÜNÜRLÜK HARCAMALARI
A2: IPARD Görünürlük Rehberi'ne uygun yatırım tanıtım tabelası. Seçilen teklif kesinleştiğinde doldurulacaktır.
A4: EK-1 uygun harcama kalemi | B4: Harcamanın adı | C4: Birim | D4: Miktar | E4: Birim fiyat (TL) | F4: Tutar (TL)
B13: TOPLAM (KDV hariç) | F13: =SUM(F5:F12)

Sheet A3.4 Uygun Olmayan
A1: A3.4 — UYGUN OLMAYAN HARCAMALAR
A2: IPARD III broyler yatırımlarında uygun harcama üst limiti 375.000 Avro'dur. Bu yatırımda uygun harcama, puanlama kriteri 1 gereği 300.000 Avro'nun altında tutulmuştur; yatırımın geri kalanı uygun olmayan harcamadır, proforma fatura ile beyan edilir ve tamamen öz kaynaktan karşılanır.
A4: Açıklama | B4: Tutar (TL) | C4: Avro karşılığı | D4: Kaynak
A5: Toplam yatırım tutarı (KDV hariç) | B5: 24988354 | C5: =B5/52.7585 | D5: Keşif ve proformalar
A6: Uygun harcama — Kümes A ve B blokları yapım işleri (A3.1.1) | B6: 15774454 | C6: =B6/52.7585 | D6: Yapım işleri teklifi
A7: Hibe dışı yapım işleri — diğer yapılar ve çıkarılan pozlar (A3.4-EK Yapım) | B7: 5618052.8 | C7: =B7/52.7585 | D7: Proforma fatura
A8: Hibe dışı makine-ekipman alımı (A3.4-EK Makine-Ekipman) | B8: 2885847.2 | C8: =B8/52.7585 | D8: Proforma fatura
A9: Hibe dışı kümes ısıtma sistemi — ayrı lot | B9: 710000 | C9: =B9/52.7585 | D9: Proforma fatura
A10: UYGUN OLMAYAN HARCAMA — toplam | B10: 9213900 | C10: =B10/52.7585 | D10: Öz kaynak
A11: IPARD III broyler uygun harcama üst limiti (375.000,00 Avro) — uygun harcama limitin altındadır | B11: 19784438 | C11: =B11/52.7585 | D11: Çağrı rehberi
A12: KDV — IPARD'da uygun harcama değildir | B12: 4997670.9 | C12: =B12/52.7585 | D12: Öz kaynak
